{
    "data": [
        {
            "polygon": [
                [
                    709.6315789473683,
                    390.26315789473676
                ],
                [
                    824.3684210526316,
                    28.15789473684208
                ],
                [
                    920.1578947368421,
                    393.42105263157896
                ],
                [
                    1343.3157894736842,
                    386.0526315789473
                ],
                [
                    961.2105263157894,
                    552.3684210526316
                ],
                [
                    1137.0,
                    985.0
                ],
                [
                    815.9473684210526,
                    625.0
                ],
                [
                    553.8421052631578,
                    995.5263157894735
                ],
                [
                    662.2631578947368,
                    556.578947368421
                ],
                [
                    247.52631578947367,
                    392.36842105263156
                ]
            ],
            "point_in": [
                [
                    813.8421052631578,
                    485.0
                ],
                [
                    602.2631578947368,
                    879.7368421052631
                ],
                [
                    1038.0526315789473,
                    448.1578947368421
                ]
            ],
            "point_out": [
                [
                    1202.2631578947367,
                    180.78947368421052
                ],
                [
                    680.1578947368421,
                    360.7894736842105
                ],
                [
                    812.7894736842105,
                    657.6315789473683
                ],
                [
                    60.1578947368421,
                    1041.842105263158
                ]
            ]
        },
        {
            "polygon": [
                [
                    800.1578947368421,
                    369.2105263157895
                ],
                [
                    749.6315789473683,
                    306.05263157894734
                ],
                [
                    701.2105263157895,
                    304.99999999999994
                ],
                [
                    582.2631578947368,
                    308.1578947368421
                ],
                [
                    495.9473684210526,
                    385.0
                ],
                [
                    491.7368421052631,
                    492.36842105263156
                ],
                [
                    523.3157894736842,
                    609.2105263157894
                ],
                [
                    562.2631578947368,
                    664.9999999999999
                ],
                [
                    610.6842105263157,
                    694.4736842105262
                ],
                [
                    698.0526315789473,
                    707.1052631578947
                ],
                [
                    785.4210526315788,
                    692.3684210526316
                ],
                [
                    835.9473684210526,
                    671.3157894736842
                ],
                [
                    864.3684210526316,
                    629.2105263157894
                ],
                [
                    848.578947368421,
                    518.6842105263157
                ],
                [
                    785.4210526315788,
                    618.6842105263157
                ],
                [
                    695.9473684210526,
                    633.4210526315788
                ],
                [
                    585.421052631579,
                    595.5263157894736
                ],
                [
                    554.8947368421052,
                    488.1578947368421
                ],
                [
                    584.3684210526316,
                    415.52631578947364
                ],
                [
                    704.3684210526316,
                    393.42105263157896
                ],
                [
                    761.2105263157894,
                    411.31578947368416
                ],
                [
                    832.7894736842105,
                    470.26315789473676
                ]
            ],
            "point_in": [
                [
                    597.0,
                    363.9473684210526
                ],
                [
                    841.2105263157894,
                    567.1052631578947
                ],
                [
                    525.421052631579,
                    492.36842105263156
                ]
            ],